city,township,area_name,edit_date,change_date,old_address,new_address,edit_type,query_city,query_township,query_date_start,query_date_end,source_url,source_page,source_row_index,scraped_at,row_hash
臺北市,中正區,臺北市中正區,民國114年8月6日,民國114年8月6日,,愛國里003鄰愛國西路４８巷１２號三樓,門牌初編,臺北市,中正區,114-06-01,114-08-31,https://www.ris.gov.tw/info-doorplate/app/doorplate/query,1,1,2026-06-18T08:31:20.365067+00:00,bbee61dd5204117c048dda6cfec0958af63178e99659b9aecd96cb35b4b51ea3
臺北市,中正區,臺北市中正區,民國114年8月6日,民國114年8月6日,,愛國里003鄰愛國西路４８巷１２號六樓,門牌初編,臺北市,中正區,114-06-01,114-08-31,https://www.ris.gov.tw/info-doorplate/app/doorplate/query,1,2,2026-06-18T08:31:20.367175+00:00,8f1d7c26436a9fc15710d14275c985af57467803e7f4a40bd2e4046805ff6d22
臺北市,中正區,臺北市中正區,民國114年8月6日,民國114年8月6日,,愛國里003鄰愛國西路４８巷１２號七樓之１,門牌初編,臺北市,中正區,114-06-01,114-08-31,https://www.ris.gov.tw/info-doorplate/app/doorplate/query,1,3,2026-06-18T08:31:20.371052+00:00,cda4a86747c71da3d38cde15b2f5b12d758a48b46245b111ba36ff725ef33cd6
臺北市,中正區,臺北市中正區,民國114年8月6日,民國114年8月6日,,愛國里003鄰愛國西路４８巷１２號八樓,門牌初編,臺北市,中正區,114-06-01,114-08-31,https://www.ris.gov.tw/info-doorplate/app/doorplate/query,1,4,2026-06-18T08:31:20.373401+00:00,319766c15e01af0da059096067d4247aa3f67b47cd15b6684c1dc4530bda09fb
臺北市,中正區,臺北市中正區,民國114年8月6日,民國114年8月6日,,愛國里003鄰愛國西路４８巷１２號八樓之１,門牌初編,臺北市,中正區,114-06-01,114-08-31,https://www.ris.gov.tw/info-doorplate/app/doorplate/query,1,5,2026-06-18T08:31:20.376946+00:00,7af987b9efeba0f3b129cd07bdb75718c9366a5afd220dd225c4418eb60c1f53
臺北市,中正區,臺北市中正區,民國114年8月6日,民國114年8月6日,,愛國里003鄰愛國西路４８巷１２號八樓之２,門牌初編,臺北市,中正區,114-06-01,114-08-31,https://www.ris.gov.tw/info-doorplate/app/doorplate/query,1,6,2026-06-18T08:31:20.379536+00:00,26ebd75e54d1c2f4c7b321be8427999e509e2982211a4eda0a632df8cd0367ce
臺北市,中正區,臺北市中正區,民國114年8月6日,民國114年8月6日,,愛國里003鄰愛國西路４８巷１２號八樓之３,門牌初編,臺北市,中正區,114-06-01,114-08-31,https://www.ris.gov.tw/info-doorplate/app/doorplate/query,1,7,2026-06-18T08:31:20.384134+00:00,feb90bfdd42a198254a156fb722db2fe0855152ab91f012ad3b2b8b48420b871
臺北市,中正區,臺北市中正區,民國114年8月6日,民國114年8月6日,,愛國里003鄰愛國西路４８巷１２號九樓之１,門牌初編,臺北市,中正區,114-06-01,114-08-31,https://www.ris.gov.tw/info-doorplate/app/doorplate/query,1,8,2026-06-18T08:31:20.388230+00:00,311bbd1782a0f406cc8eca8a35fa382fc42e6f2fd7da2c984c2330b633c45d52
臺北市,中正區,臺北市中正區,民國114年8月6日,民國114年8月6日,,愛國里003鄰愛國西路４８巷１２號三樓之１,門牌初編,臺北市,中正區,114-06-01,114-08-31,https://www.ris.gov.tw/info-doorplate/app/doorplate/query,1,9,2026-06-18T08:31:20.390441+00:00,3b10bb5f45623b6d0fd4613d77d226a611212c5e75bc959876b3c4f4505ca5e7
臺北市,中正區,臺北市中正區,民國114年8月6日,民國114年8月6日,,愛國里003鄰愛國西路４８巷１２號六樓之２,門牌初編,臺北市,中正區,114-06-01,114-08-31,https://www.ris.gov.tw/info-doorplate/app/doorplate/query,1,10,2026-06-18T08:31:20.392413+00:00,d8feb6c04d7389ea6d980cce801c1f9ed86b3d8e7d6d18d5fe1ec12c1c7156d3
臺北市,中正區,臺北市中正區,民國114年8月6日,民國114年8月6日,,愛國里003鄰愛國西路４８巷１２號九樓之３,門牌初編,臺北市,中正區,114-06-01,114-08-31,https://www.ris.gov.tw/info-doorplate/app/doorplate/query,1,11,2026-06-18T08:31:20.395022+00:00,f9ccf1d9b575d03070e1e5cbfada59e5c1a46872a4e12f913baa287b1b51dab7
臺北市,中正區,臺北市中正區,民國114年8月6日,民國114年8月6日,,愛國里003鄰愛國西路４８巷１２之１號,門牌初編,臺北市,中正區,114-06-01,114-08-31,https://www.ris.gov.tw/info-doorplate/app/doorplate/query,1,12,2026-06-18T08:31:20.397055+00:00,982c630de6f81b6d52fcf592f80e449db81b54e02ec0a5a50e6a833ea3cef1c1
臺北市,中正區,臺北市中正區,民國114年8月6日,民國114年8月6日,,愛國里003鄰愛國西路４８巷１２號,門牌初編,臺北市,中正區,114-06-01,114-08-31,https://www.ris.gov.tw/info-doorplate/app/doorplate/query,1,13,2026-06-18T08:31:20.399051+00:00,9239fd1f1c65aaa3dd2eddd1233bed95f944f535fa36da6cb20427c0b3a02f71
臺北市,中正區,臺北市中正區,民國114年8月6日,民國114年8月6日,,愛國里003鄰愛國西路４８巷１２號二樓,門牌初編,臺北市,中正區,114-06-01,114-08-31,https://www.ris.gov.tw/info-doorplate/app/doorplate/query,1,14,2026-06-18T08:31:20.401322+00:00,36a24e378e74291ee073d2242399fb301af8c85bbd524ecee176d5c9668ab0b7
臺北市,中正區,臺北市中正區,民國114年8月6日,民國114年8月6日,,愛國里003鄰愛國西路４８巷１２號二樓之１,門牌初編,臺北市,中正區,114-06-01,114-08-31,https://www.ris.gov.tw/info-doorplate/app/doorplate/query,1,15,2026-06-18T08:31:20.403671+00:00,f09cdd2fb94b1060f351a91a1b383a5953209bf86526e7b7dc072b454e46555c
臺北市,中正區,臺北市中正區,民國114年8月6日,民國114年8月6日,,愛國里003鄰愛國西路４８巷１２號二樓之２,門牌初編,臺北市,中正區,114-06-01,114-08-31,https://www.ris.gov.tw/info-doorplate/app/doorplate/query,1,16,2026-06-18T08:31:20.406218+00:00,1cf4e5992ba0a3c193eb69dd8215b33bda12813b629a91d2c05811389c61e1c5
臺北市,中正區,臺北市中正區,民國114年8月6日,民國114年8月6日,,愛國里003鄰愛國西路４８巷１２號四樓之１,門牌初編,臺北市,中正區,114-06-01,114-08-31,https://www.ris.gov.tw/info-doorplate/app/doorplate/query,1,17,2026-06-18T08:31:20.408594+00:00,67c59c7fa2f568912de21a4a837afe1f317f0120a3a2eac7d153f954fb27082d
臺北市,中正區,臺北市中正區,民國114年8月6日,民國114年8月6日,,愛國里003鄰愛國西路４８巷１２號四樓之２,門牌初編,臺北市,中正區,114-06-01,114-08-31,https://www.ris.gov.tw/info-doorplate/app/doorplate/query,1,18,2026-06-18T08:31:20.411161+00:00,104646d2cc21f75bb003c62ec1f1461752d689a99bff40560e7df98838b42935
臺北市,中正區,臺北市中正區,民國114年8月6日,民國114年8月6日,,愛國里003鄰愛國西路４８巷１２號五樓,門牌初編,臺北市,中正區,114-06-01,114-08-31,https://www.ris.gov.tw/info-doorplate/app/doorplate/query,1,19,2026-06-18T08:31:20.413439+00:00,064cad2d8186412d8232f8a38068251bd836840795359dbd9ac42f6381cbd3b3
臺北市,中正區,臺北市中正區,民國114年8月6日,民國114年8月6日,,愛國里003鄰愛國西路４８巷１２號四樓,門牌初編,臺北市,中正區,114-06-01,114-08-31,https://www.ris.gov.tw/info-doorplate/app/doorplate/query,1,20,2026-06-18T08:31:20.415354+00:00,b7e3f669a09f346afb5c53f6e4d6990b9acd0a2f43f7748d96f5724fa73322db
臺北市,中正區,臺北市中正區,民國114年8月6日,民國114年8月6日,,愛國里003鄰愛國西路４８巷１２號五樓之１,門牌初編,臺北市,中正區,114-06-01,114-08-31,https://www.ris.gov.tw/info-doorplate/app/doorplate/query,1,21,2026-06-18T08:31:20.418215+00:00,5399908c886f29504382d76fd5dc7b60e05fead71eca45d33d32d54c131d228a
臺北市,中正區,臺北市中正區,民國114年8月6日,民國114年8月6日,,愛國里003鄰愛國西路４８巷１２號七樓,門牌初編,臺北市,中正區,114-06-01,114-08-31,https://www.ris.gov.tw/info-doorplate/app/doorplate/query,1,22,2026-06-18T08:31:20.420964+00:00,7147952a82c07b58b0b7987cac196215c74614279b9cc880e5f4104f1f40ab08
臺北市,中正區,臺北市中正區,民國114年8月6日,民國114年8月6日,,愛國里003鄰愛國西路４８巷１２號三樓之２,門牌初編,臺北市,中正區,114-06-01,114-08-31,https://www.ris.gov.tw/info-doorplate/app/doorplate/query,1,23,2026-06-18T08:31:20.423227+00:00,8df08e7f18f2ffa33ca0210327d441e14d4e60240e795ce75ba51f2db8929079
臺北市,中正區,臺北市中正區,民國114年8月6日,民國114年8月6日,,愛國里003鄰愛國西路４８巷１２號七樓之２,門牌初編,臺北市,中正區,114-06-01,114-08-31,https://www.ris.gov.tw/info-doorplate/app/doorplate/query,1,24,2026-06-18T08:31:20.425761+00:00,2147c08442267cacda11165330e1d28ebf8131c86cd276f2a6263514153badfc
臺北市,中正區,臺北市中正區,民國114年8月6日,民國114年8月6日,,愛國里003鄰愛國西路４８巷１２號九樓之２,門牌初編,臺北市,中正區,114-06-01,114-08-31,https://www.ris.gov.tw/info-doorplate/app/doorplate/query,1,25,2026-06-18T08:31:20.428424+00:00,5b714a0d1f1fcfaadab90a84a8fade9de25cc5ac6ffd70f93f849a03d524dbd5
臺北市,中正區,臺北市中正區,民國114年8月6日,民國114年8月6日,,愛國里003鄰愛國西路４８巷１２號七樓之３,門牌初編,臺北市,中正區,114-06-01,114-08-31,https://www.ris.gov.tw/info-doorplate/app/doorplate/query,1,26,2026-06-18T08:31:20.430868+00:00,90fd0643c5fce374edfd24928bfc69a1f4c229c1fd0bcec4c9ce9772a1e50e3f
臺北市,中正區,臺北市中正區,民國114年8月6日,民國114年8月6日,,愛國里003鄰愛國西路４８巷１２號六樓之１,門牌初編,臺北市,中正區,114-06-01,114-08-31,https://www.ris.gov.tw/info-doorplate/app/doorplate/query,1,27,2026-06-18T08:31:20.433421+00:00,b07cadb752b8b88402112455d08be0a3df333567b5f30f361b98551bd547398b
臺北市,中正區,臺北市中正區,民國114年8月6日,民國114年8月6日,,愛國里003鄰愛國西路４８巷１２號九樓,門牌初編,臺北市,中正區,114-06-01,114-08-31,https://www.ris.gov.tw/info-doorplate/app/doorplate/query,1,28,2026-06-18T08:31:20.436258+00:00,db40ae2271851f5454bc68b746d8fa10bc71d951109a8226d1a397ebb1788d29
臺北市,中正區,臺北市中正區,民國114年7月16日,民國114年7月16日,,河堤里004鄰金門街１２巷６之４號,門牌初編,臺北市,中正區,114-06-01,114-08-31,https://www.ris.gov.tw/info-doorplate/app/doorplate/query,1,29,2026-06-18T08:31:20.439004+00:00,71d2f93b4e0070572e606f088d120273554a1a06325e17aff5f1001e193d1e3c
臺北市,中正區,臺北市中正區,民國114年7月10日,民國114年7月10日,,建國里001鄰重慶南路一段１１８巷７號,門牌初編,臺北市,中正區,114-06-01,114-08-31,https://www.ris.gov.tw/info-doorplate/app/doorplate/query,1,30,2026-06-18T08:31:20.441918+00:00,537b344319b0f60a34fbea3779fec5f2c604962cf3c0f1dad6a25b6f9e6bcb81
臺北市,中正區,臺北市中正區,民國114年7月9日,民國114年7月9日,,東門里008鄰紹興南街２２號二樓,門牌初編,臺北市,中正區,114-06-01,114-08-31,https://www.ris.gov.tw/info-doorplate/app/doorplate/query,1,31,2026-06-18T08:31:20.444708+00:00,9e2018b27c55993f6a8af84136253667e73f18f0392172ac29c6fc9a71055b02
臺北市,中正區,臺北市中正區,民國114年7月9日,民國114年7月9日,,東門里008鄰紹興南街２２號三樓,門牌初編,臺北市,中正區,114-06-01,114-08-31,https://www.ris.gov.tw/info-doorplate/app/doorplate/query,1,32,2026-06-18T08:31:20.447610+00:00,04e153272b7dea65deb6e47692ecf9bc99b9202e71338fa6c019ac2ad82b1181
臺北市,中正區,臺北市中正區,民國114年7月9日,民國114年7月9日,,東門里008鄰紹興南街２２號七樓,門牌初編,臺北市,中正區,114-06-01,114-08-31,https://www.ris.gov.tw/info-doorplate/app/doorplate/query,1,33,2026-06-18T08:31:20.449984+00:00,01583b9ae6f2d1e3a08ca26c0bb9c1a9a1764877c0e1f9ec49db2bbe07adab51
臺北市,中正區,臺北市中正區,民國114年7月9日,民國114年7月9日,,東門里008鄰紹興南街２２號五樓,門牌初編,臺北市,中正區,114-06-01,114-08-31,https://www.ris.gov.tw/info-doorplate/app/doorplate/query,1,34,2026-06-18T08:31:20.452126+00:00,598dafd0ed619dc04f6cfcdea4d6a10af589497d1f577ed4cf7e899fc9950d85
臺北市,中正區,臺北市中正區,民國114年7月9日,民國114年7月9日,,東門里008鄰紹興南街２２號二樓之１,門牌初編,臺北市,中正區,114-06-01,114-08-31,https://www.ris.gov.tw/info-doorplate/app/doorplate/query,1,35,2026-06-18T08:31:20.454849+00:00,db30190ddcee3f457a5ea45e4dd2fb2bb35ead84e8578857b7366bc41b81d1a9
臺北市,中正區,臺北市中正區,民國114年7月9日,民國114年7月9日,,東門里008鄰紹興南街２２號三樓之１,門牌初編,臺北市,中正區,114-06-01,114-08-31,https://www.ris.gov.tw/info-doorplate/app/doorplate/query,1,36,2026-06-18T08:31:20.457241+00:00,86a48ceb618933026202694f913669176a7d5fe6ba9f36a16605d3028518cd54
臺北市,中正區,臺北市中正區,民國114年7月9日,民國114年7月9日,,東門里008鄰紹興南街２２號四樓之１,門牌初編,臺北市,中正區,114-06-01,114-08-31,https://www.ris.gov.tw/info-doorplate/app/doorplate/query,1,37,2026-06-18T08:31:20.459944+00:00,1f2033385b58c955a0f5efc894f84c2a651257e80177a1f574081b138a1f8cca
臺北市,中正區,臺北市中正區,民國114年7月9日,民國114年7月9日,,東門里008鄰紹興南街２２號七樓之１,門牌初編,臺北市,中正區,114-06-01,114-08-31,https://www.ris.gov.tw/info-doorplate/app/doorplate/query,1,38,2026-06-18T08:31:20.462637+00:00,1139a163858d68f5ca50ecddd325111efd116a64b90c417b359791d88c16ac0f
臺北市,中正區,臺北市中正區,民國114年7月9日,民國114年7月9日,,東門里008鄰紹興南街２２號六樓,門牌初編,臺北市,中正區,114-06-01,114-08-31,https://www.ris.gov.tw/info-doorplate/app/doorplate/query,1,39,2026-06-18T08:31:20.465240+00:00,ad746224177f31a622e0818377f4eaacbc23c6542b68281f59bca77e4e5342ad
臺北市,中正區,臺北市中正區,民國114年7月9日,民國114年7月9日,,東門里008鄰紹興南街２２號四樓,門牌初編,臺北市,中正區,114-06-01,114-08-31,https://www.ris.gov.tw/info-doorplate/app/doorplate/query,1,40,2026-06-18T08:31:20.468143+00:00,75c1ceb6104d345195568ed1b9133481dbd9075ef6e337ff47c6378959c90e5f
臺北市,中正區,臺北市中正區,民國114年7月9日,民國114年7月9日,,東門里008鄰紹興南街２２號六樓之１,門牌初編,臺北市,中正區,114-06-01,114-08-31,https://www.ris.gov.tw/info-doorplate/app/doorplate/query,1,41,2026-06-18T08:31:20.470484+00:00,c5c922e770a40e523aa13cca0aed62e5bec6377861574e20347e180193dae4e8
臺北市,中正區,臺北市中正區,民國114年7月9日,民國114年7月9日,,東門里008鄰紹興南街２２號十樓之１,門牌初編,臺北市,中正區,114-06-01,114-08-31,https://www.ris.gov.tw/info-doorplate/app/doorplate/query,1,42,2026-06-18T08:31:20.473125+00:00,ce9e1e6c0cbd6b55b7b20487202c6d7b6788e0e00ff3b76965a85e6318866c6b
臺北市,中正區,臺北市中正區,民國114年7月9日,民國114年7月9日,,東門里008鄰紹興南街２２號八樓,門牌初編,臺北市,中正區,114-06-01,114-08-31,https://www.ris.gov.tw/info-doorplate/app/doorplate/query,1,43,2026-06-18T08:31:20.475588+00:00,b95f8c24ac9a549e1367901b8901f6a83686316a3208a964c919c3b67641fc21
臺北市,中正區,臺北市中正區,民國114年7月9日,民國114年7月9日,,東門里008鄰紹興南街２２號八樓之１,門牌初編,臺北市,中正區,114-06-01,114-08-31,https://www.ris.gov.tw/info-doorplate/app/doorplate/query,1,44,2026-06-18T08:31:20.478606+00:00,815262cb2cd4c28e76b626790b336014f2e41f88d49d8ea9577db63e2887b90f
臺北市,中正區,臺北市中正區,民國114年7月9日,民國114年7月9日,,東門里008鄰紹興南街２２號九樓,門牌初編,臺北市,中正區,114-06-01,114-08-31,https://www.ris.gov.tw/info-doorplate/app/doorplate/query,1,45,2026-06-18T08:31:20.480952+00:00,2b6ba128fa852232fb832a96a49d317b3be5afbfdef8e0f4f747efef189eaaef
臺北市,中正區,臺北市中正區,民國114年7月9日,民國114年7月9日,,東門里008鄰紹興南街２２號十樓,門牌初編,臺北市,中正區,114-06-01,114-08-31,https://www.ris.gov.tw/info-doorplate/app/doorplate/query,1,46,2026-06-18T08:31:20.483387+00:00,00c9e8e7e43abbf8c24c762caf8ed8f6f2e308571a4748a781c6650bafe9f868
臺北市,中正區,臺北市中正區,民國114年7月9日,民國114年7月9日,,東門里008鄰紹興南街２２號九樓之１,門牌初編,臺北市,中正區,114-06-01,114-08-31,https://www.ris.gov.tw/info-doorplate/app/doorplate/query,1,47,2026-06-18T08:31:20.485747+00:00,642aaae69e5c1c196de2b40675440a4061fcaef2fe06905d1c47d1de6b051b3a
臺北市,中正區,臺北市中正區,民國114年7月9日,民國114年7月9日,,東門里008鄰紹興南街２２號五樓之１,門牌初編,臺北市,中正區,114-06-01,114-08-31,https://www.ris.gov.tw/info-doorplate/app/doorplate/query,1,48,2026-06-18T08:31:20.487838+00:00,afde0379c11cdbcd398512d9a1dd443ddd1f49290c177d1ef1897a6308074661
臺北市,中正區,臺北市中正區,民國114年6月25日,民國114年6月25日,,忠勤里031鄰西藏路６５號,門牌初編,臺北市,中正區,114-06-01,114-08-31,https://www.ris.gov.tw/info-doorplate/app/doorplate/query,1,49,2026-06-18T08:31:20.490469+00:00,ec2bbb1da18e62361eba78bbf72cc6d24290c1e4c9e88c64efbadd6e1ca0b988
臺北市,中正區,臺北市中正區,民國114年6月17日,民國114年6月17日,,永昌里016鄰詔安街２４８號十樓之２,門牌初編,臺北市,中正區,114-06-01,114-08-31,https://www.ris.gov.tw/info-doorplate/app/doorplate/query,1,50,2026-06-18T08:31:20.492619+00:00,5263c0a1e19f93f2d8e9a61f46715ce673aa82cd8c7f81e5b36ef23bdd5c1fef
臺北市,中正區,臺北市中正區,民國114年6月17日,民國114年6月17日,,永昌里016鄰詔安街２４８號十一樓之２,門牌初編,臺北市,中正區,114-06-01,114-08-31,https://www.ris.gov.tw/info-doorplate/app/doorplate/query,2,1,2026-06-18T08:31:21.023187+00:00,8a9496df9e424a670c38882c60fa98e6a93afcf65dbe227e360f58562700a68a
臺北市,中正區,臺北市中正區,民國114年6月17日,民國114年6月17日,,永昌里016鄰詔安街２４８號十四樓,門牌初編,臺北市,中正區,114-06-01,114-08-31,https://www.ris.gov.tw/info-doorplate/app/doorplate/query,2,2,2026-06-18T08:31:21.024940+00:00,eecaa9cc89340ec9ef6640450db7e2a4c710b5fe5237a0d01afc0916bfd99bcd
臺北市,中正區,臺北市中正區,民國114年6月17日,民國114年6月17日,,永昌里016鄰詔安街２４８號十五樓之１,門牌初編,臺北市,中正區,114-06-01,114-08-31,https://www.ris.gov.tw/info-doorplate/app/doorplate/query,2,3,2026-06-18T08:31:21.026547+00:00,4a46c2eab23f815505567aeedbd60564c6396ab1e2e72a4f772744b6187a32c0
臺北市,中正區,臺北市中正區,民國114年6月17日,民國114年6月17日,,永昌里016鄰詔安街２４８號十七樓,門牌初編,臺北市,中正區,114-06-01,114-08-31,https://www.ris.gov.tw/info-doorplate/app/doorplate/query,2,4,2026-06-18T08:31:21.028101+00:00,2ee284bf21e832a61c9ba15bc142ac44e0a4ee57f42dbf84f50ecbb402a19b67
臺北市,中正區,臺北市中正區,民國114年6月17日,民國114年6月17日,,永昌里016鄰詔安街２５０巷１號三樓之２,門牌初編,臺北市,中正區,114-06-01,114-08-31,https://www.ris.gov.tw/info-doorplate/app/doorplate/query,2,5,2026-06-18T08:31:21.029924+00:00,608d93614c36208fb2893d8cac190f8364bc0e2398b307cc0c681493a2e56a26
臺北市,中正區,臺北市中正區,民國114年6月17日,民國114年6月17日,,永昌里016鄰詔安街２５０巷１號六樓,門牌初編,臺北市,中正區,114-06-01,114-08-31,https://www.ris.gov.tw/info-doorplate/app/doorplate/query,2,6,2026-06-18T08:31:21.031649+00:00,1d6d823dc47a50b91f7b9f29f0ed889f7757db727d1eb96b8f90ec321b6db956
臺北市,中正區,臺北市中正區,民國114年6月17日,民國114年6月17日,,永昌里016鄰詔安街２５０巷１號九樓,門牌初編,臺北市,中正區,114-06-01,114-08-31,https://www.ris.gov.tw/info-doorplate/app/doorplate/query,2,7,2026-06-18T08:31:21.033532+00:00,5b9c3fa5bc84e69dbaf3a5fdc9f9b32998ab85c594910e921bcfd44e6c140a48
臺北市,中正區,臺北市中正區,民國114年6月17日,民國114年6月17日,,永昌里016鄰詔安街２５０巷１號十一樓之１,門牌初編,臺北市,中正區,114-06-01,114-08-31,https://www.ris.gov.tw/info-doorplate/app/doorplate/query,2,8,2026-06-18T08:31:21.035562+00:00,f0be5e3dc5aa4037da0e5cec1caa5498c38e0c038b351344c537a1f3e4d1a301
臺北市,中正區,臺北市中正區,民國114年6月17日,民國114年6月17日,,永昌里016鄰詔安街２５０巷１號二樓之３,門牌初編,臺北市,中正區,114-06-01,114-08-31,https://www.ris.gov.tw/info-doorplate/app/doorplate/query,2,9,2026-06-18T08:31:21.037419+00:00,0b690801dbd4d984205e846693070a4e3e69d18394d6cda794176193ceb3fc72
臺北市,中正區,臺北市中正區,民國114年6月17日,民國114年6月17日,,永昌里016鄰詔安街２５０巷１號五樓之１,門牌初編,臺北市,中正區,114-06-01,114-08-31,https://www.ris.gov.tw/info-doorplate/app/doorplate/query,2,10,2026-06-18T08:31:21.039624+00:00,38cb1e97687c061943a37089dd31f6a6bdfdfd9201746732503d04eb2d7ab2e0
臺北市,中正區,臺北市中正區,民國114年6月17日,民國114年6月17日,,永昌里016鄰詔安街２５０巷１號七樓之３,門牌初編,臺北市,中正區,114-06-01,114-08-31,https://www.ris.gov.tw/info-doorplate/app/doorplate/query,2,11,2026-06-18T08:31:21.042300+00:00,98b6fab2ad2da4b2bb589d5b26474b6cb89a34f5ec3ea7c7f45cd53ddffca041
臺北市,中正區,臺北市中正區,民國114年6月17日,民國114年6月17日,,永昌里016鄰詔安街２５０巷１號十樓,門牌初編,臺北市,中正區,114-06-01,114-08-31,https://www.ris.gov.tw/info-doorplate/app/doorplate/query,2,12,2026-06-18T08:31:21.044132+00:00,12b19bf02d2b39f2ddf013a830d22c140a318d2be8df619b5ef74fc538669102
臺北市,中正區,臺北市中正區,民國114年6月17日,民國114年6月17日,,永昌里016鄰詔安街２５０巷１號十樓之１,門牌初編,臺北市,中正區,114-06-01,114-08-31,https://www.ris.gov.tw/info-doorplate/app/doorplate/query,2,13,2026-06-18T08:31:21.045916+00:00,eeebd611d91d5bda943921c5e70eaa9969b48a9225e9973211333c6ef9752236
臺北市,中正區,臺北市中正區,民國114年6月17日,民國114年6月17日,,永昌里016鄰詔安街２４８號二樓,門牌初編,臺北市,中正區,114-06-01,114-08-31,https://www.ris.gov.tw/info-doorplate/app/doorplate/query,2,14,2026-06-18T08:31:21.047898+00:00,3a2b0b095e8becdb74f66744330cc23bde8407e269aeffcf4c043cf80bb6808a
臺北市,中正區,臺北市中正區,民國114年6月17日,民國114年6月17日,,永昌里016鄰詔安街２４８號二樓之２,門牌初編,臺北市,中正區,114-06-01,114-08-31,https://www.ris.gov.tw/info-doorplate/app/doorplate/query,2,15,2026-06-18T08:31:21.049712+00:00,07a861f76b43efcd4bc87f87845390f4ace0b42c9b6e27f04db28dd9657a8384
臺北市,中正區,臺北市中正區,民國114年6月17日,民國114年6月17日,,永昌里016鄰詔安街２４８號三樓,門牌初編,臺北市,中正區,114-06-01,114-08-31,https://www.ris.gov.tw/info-doorplate/app/doorplate/query,2,16,2026-06-18T08:31:21.051225+00:00,49aa4ce69c5ee03cdfac3b062c1ff4efbdebc10970ac9728cefb2fa5a6af1000
臺北市,中正區,臺北市中正區,民國114年6月17日,民國114年6月17日,,永昌里016鄰詔安街２４８號四樓之１,門牌初編,臺北市,中正區,114-06-01,114-08-31,https://www.ris.gov.tw/info-doorplate/app/doorplate/query,2,17,2026-06-18T08:31:21.052929+00:00,0ee59117e12098ff75c5021e778fda72f43e63ad7897623633f7f1a6fddaf460
臺北市,中正區,臺北市中正區,民國114年6月17日,民國114年6月17日,,永昌里016鄰詔安街２４８號四樓之２,門牌初編,臺北市,中正區,114-06-01,114-08-31,https://www.ris.gov.tw/info-doorplate/app/doorplate/query,2,18,2026-06-18T08:31:21.054566+00:00,6a4507e59646f59206be2ee7f81898082adb52c8106967dfba920293cec9c885
臺北市,中正區,臺北市中正區,民國114年6月17日,民國114年6月17日,,永昌里016鄰詔安街２４８號五樓之１,門牌初編,臺北市,中正區,114-06-01,114-08-31,https://www.ris.gov.tw/info-doorplate/app/doorplate/query,2,19,2026-06-18T08:31:21.056295+00:00,28ddece98b86d73202926c4e3f7f01d4628ba11c575531db0cc9980df7b1392e
臺北市,中正區,臺北市中正區,民國114年6月17日,民國114年6月17日,,永昌里016鄰詔安街２４８號六樓,門牌初編,臺北市,中正區,114-06-01,114-08-31,https://www.ris.gov.tw/info-doorplate/app/doorplate/query,2,20,2026-06-18T08:31:21.057937+00:00,877e37b8af4344b82024a5036fcd44c9163b13d0c622e2c60fe878c44a2563e3
臺北市,中正區,臺北市中正區,民國114年6月17日,民國114年6月17日,,永昌里016鄰詔安街２４８號六樓之２,門牌初編,臺北市,中正區,114-06-01,114-08-31,https://www.ris.gov.tw/info-doorplate/app/doorplate/query,2,21,2026-06-18T08:31:21.059763+00:00,3d5a15df696bf3226ec2d1d3b42c51ec97532f925e997dfb46af8c5c13e79d7e
臺北市,中正區,臺北市中正區,民國114年6月17日,民國114年6月17日,,永昌里016鄰詔安街２４８號六樓之３,門牌初編,臺北市,中正區,114-06-01,114-08-31,https://www.ris.gov.tw/info-doorplate/app/doorplate/query,2,22,2026-06-18T08:31:21.061349+00:00,f9a29fe802e12ee6627a1b41563624c68ffee3fc59668daad03113440bc6c89f
臺北市,中正區,臺北市中正區,民國114年6月17日,民國114年6月17日,,永昌里016鄰詔安街２４８號七樓之３,門牌初編,臺北市,中正區,114-06-01,114-08-31,https://www.ris.gov.tw/info-doorplate/app/doorplate/query,2,23,2026-06-18T08:31:21.062996+00:00,a827e4b24153477b158d140cc2e932e07d7140a0238c555f5126a5ba0f0f945e
臺北市,中正區,臺北市中正區,民國114年6月17日,民國114年6月17日,,永昌里016鄰詔安街２４８號八樓,門牌初編,臺北市,中正區,114-06-01,114-08-31,https://www.ris.gov.tw/info-doorplate/app/doorplate/query,2,24,2026-06-18T08:31:21.064775+00:00,d746b0484835339715556442fe570ba2f9b3350a492176f0fe1de70d71ab587a
臺北市,中正區,臺北市中正區,民國114年6月17日,民國114年6月17日,,永昌里016鄰詔安街２４８號二樓之１,門牌初編,臺北市,中正區,114-06-01,114-08-31,https://www.ris.gov.tw/info-doorplate/app/doorplate/query,2,25,2026-06-18T08:31:21.066513+00:00,f7eeac93c6267c89f26c31dd5c49880b04c060cf3b4203b3eb1a1336cbc1dffa
臺北市,中正區,臺北市中正區,民國114年6月17日,民國114年6月17日,,永昌里016鄰詔安街２４８號四樓,門牌初編,臺北市,中正區,114-06-01,114-08-31,https://www.ris.gov.tw/info-doorplate/app/doorplate/query,2,26,2026-06-18T08:31:21.068255+00:00,daadfaad1fa92ee19c541c4511dc39318b4b9c3f5999b9d12cc83f55092fed2b
臺北市,中正區,臺北市中正區,民國114年6月17日,民國114年6月17日,,永昌里016鄰詔安街２４８號四樓之３,門牌初編,臺北市,中正區,114-06-01,114-08-31,https://www.ris.gov.tw/info-doorplate/app/doorplate/query,2,27,2026-06-18T08:31:21.069889+00:00,f0984f3fae6f532b8de8fdde979370e9f0cfcc2c9ae761c615ec360a546ba44a
臺北市,中正區,臺北市中正區,民國114年6月17日,民國114年6月17日,,永昌里016鄰詔安街２４８號六樓之１,門牌初編,臺北市,中正區,114-06-01,114-08-31,https://www.ris.gov.tw/info-doorplate/app/doorplate/query,2,28,2026-06-18T08:31:21.071729+00:00,01052daf4ce768cf3cc7e02b1418680beef7105f6e3859654b00e66d92701c1d
臺北市,中正區,臺北市中正區,民國114年6月17日,民國114年6月17日,,永昌里016鄰詔安街２４８號七樓,門牌初編,臺北市,中正區,114-06-01,114-08-31,https://www.ris.gov.tw/info-doorplate/app/doorplate/query,2,29,2026-06-18T08:31:21.073500+00:00,92d3c25c980634a488feb60ac50515ffbf1750056009f196b9d688b37594622c
臺北市,中正區,臺北市中正區,民國114年6月17日,民國114年6月17日,,永昌里016鄰詔安街２４８號八樓之２,門牌初編,臺北市,中正區,114-06-01,114-08-31,https://www.ris.gov.tw/info-doorplate/app/doorplate/query,2,30,2026-06-18T08:31:21.075185+00:00,1a9fc4ce44af787b1bf552abc6ceff2a220627880a856c537020705d80e262d8
臺北市,中正區,臺北市中正區,民國114年6月17日,民國114年6月17日,,永昌里016鄰詔安街２４８號九樓,門牌初編,臺北市,中正區,114-06-01,114-08-31,https://www.ris.gov.tw/info-doorplate/app/doorplate/query,2,31,2026-06-18T08:31:21.076940+00:00,585183ec3a4efe691a4473437ab52ea88fb4a40ba5b5d013a82e2df8d85a910e
臺北市,中正區,臺北市中正區,民國114年6月17日,民國114年6月17日,,永昌里016鄰詔安街２４８號二樓之３,門牌初編,臺北市,中正區,114-06-01,114-08-31,https://www.ris.gov.tw/info-doorplate/app/doorplate/query,2,32,2026-06-18T08:31:21.078549+00:00,ba4fdfeec890f211abcb198547b9d75fee62f4d989dfaed7d64ed2cc54450f64
臺北市,中正區,臺北市中正區,民國114年6月17日,民國114年6月17日,,永昌里016鄰詔安街２４８號三樓之１,門牌初編,臺北市,中正區,114-06-01,114-08-31,https://www.ris.gov.tw/info-doorplate/app/doorplate/query,2,33,2026-06-18T08:31:21.080126+00:00,91d1be29e1449a59b370fc205e9223570cf6abb546efa88ea7a8a85317ede571
臺北市,中正區,臺北市中正區,民國114年6月17日,民國114年6月17日,,永昌里016鄰詔安街２４８號三樓之３,門牌初編,臺北市,中正區,114-06-01,114-08-31,https://www.ris.gov.tw/info-doorplate/app/doorplate/query,2,34,2026-06-18T08:31:21.082155+00:00,7091c3e841c8f9f3843208a5a22b59d6cc8ec7234cf75ab91374c20a5e25f781
臺北市,中正區,臺北市中正區,民國114年6月17日,民國114年6月17日,,永昌里016鄰詔安街２４８號五樓,門牌初編,臺北市,中正區,114-06-01,114-08-31,https://www.ris.gov.tw/info-doorplate/app/doorplate/query,2,35,2026-06-18T08:31:21.083918+00:00,0a09495ed8af874372933bc4894c9738649b48424ec31ee7d4cef3dd66be4ffb
臺北市,中正區,臺北市中正區,民國114年6月17日,民國114年6月17日,,永昌里016鄰詔安街２４８號五樓之３,門牌初編,臺北市,中正區,114-06-01,114-08-31,https://www.ris.gov.tw/info-doorplate/app/doorplate/query,2,36,2026-06-18T08:31:21.085516+00:00,4633dba450ddb0da139c50ebdb0f3d890e9f12497202c04708fb2f3312a84999
臺北市,中正區,臺北市中正區,民國114年6月17日,民國114年6月17日,,永昌里016鄰詔安街２４８號三樓之２,門牌初編,臺北市,中正區,114-06-01,114-08-31,https://www.ris.gov.tw/info-doorplate/app/doorplate/query,2,37,2026-06-18T08:31:21.087126+00:00,0bdedfc07f477d697da28dce848ffbb2e8c93f39cd5fce0b02296c4cb382c3bd
臺北市,中正區,臺北市中正區,民國114年6月17日,民國114年6月17日,,永昌里016鄰詔安街２４８號五樓之２,門牌初編,臺北市,中正區,114-06-01,114-08-31,https://www.ris.gov.tw/info-doorplate/app/doorplate/query,2,38,2026-06-18T08:31:21.088693+00:00,66f470e871191b1ea59de82ea4d98c1a22892c790cb22e95aafe47f32f0a80ac
臺北市,中正區,臺北市中正區,民國114年6月17日,民國114年6月17日,,永昌里016鄰詔安街２４８號七樓之１,門牌初編,臺北市,中正區,114-06-01,114-08-31,https://www.ris.gov.tw/info-doorplate/app/doorplate/query,2,39,2026-06-18T08:31:21.090223+00:00,c05dc268d0fa6fbb0de15785d5c7dc5a6c57b717a6dbfe69e5a66ee6b6f6075a
臺北市,中正區,臺北市中正區,民國114年6月17日,民國114年6月17日,,永昌里016鄰詔安街２４８號七樓之２,門牌初編,臺北市,中正區,114-06-01,114-08-31,https://www.ris.gov.tw/info-doorplate/app/doorplate/query,2,40,2026-06-18T08:31:21.091761+00:00,fc2e236b7e27f58814b52b84597fd72954852be3714ee5e63470b25f745cbf39
臺北市,中正區,臺北市中正區,民國114年6月17日,民國114年6月17日,,永昌里016鄰詔安街２４８號八樓之１,門牌初編,臺北市,中正區,114-06-01,114-08-31,https://www.ris.gov.tw/info-doorplate/app/doorplate/query,2,41,2026-06-18T08:31:21.093423+00:00,13b7458af4a6e465bd8f2d23b5720eb7ea452e67d4547a5871f8abf6492a3b6c
臺北市,中正區,臺北市中正區,民國114年6月17日,民國114年6月17日,,永昌里016鄰詔安街２４８號八樓之３,門牌初編,臺北市,中正區,114-06-01,114-08-31,https://www.ris.gov.tw/info-doorplate/app/doorplate/query,2,42,2026-06-18T08:31:21.095152+00:00,a46e0c4eff90676c50fa72436995bc05469c2cb3b5e0f76803257f795c2eac50
臺北市,中正區,臺北市中正區,民國114年6月17日,民國114年6月17日,,永昌里016鄰詔安街２４８號九樓之１,門牌初編,臺北市,中正區,114-06-01,114-08-31,https://www.ris.gov.tw/info-doorplate/app/doorplate/query,2,43,2026-06-18T08:31:21.097376+00:00,9146e8b0899b642152a490bf80868a29d332822352ba51016a474502a23e685a
臺北市,中正區,臺北市中正區,民國114年6月17日,民國114年6月17日,,永昌里016鄰詔安街２４８號九樓之２,門牌初編,臺北市,中正區,114-06-01,114-08-31,https://www.ris.gov.tw/info-doorplate/app/doorplate/query,2,44,2026-06-18T08:31:21.099004+00:00,85d1463bce1febf7f520a588f254f538ae2a63c8b1d192eddfb9ed79616a533c
臺北市,中正區,臺北市中正區,民國114年6月17日,民國114年6月17日,,永昌里016鄰詔安街２４８號九樓之３,門牌初編,臺北市,中正區,114-06-01,114-08-31,https://www.ris.gov.tw/info-doorplate/app/doorplate/query,2,45,2026-06-18T08:31:21.100626+00:00,f0c6bd9b420110d149285cdbf68b87dcb12b21add42c50bdec9d5757aeda7e0a
臺北市,中正區,臺北市中正區,民國114年6月17日,民國114年6月17日,,永昌里016鄰詔安街２４８號十樓,門牌初編,臺北市,中正區,114-06-01,114-08-31,https://www.ris.gov.tw/info-doorplate/app/doorplate/query,2,46,2026-06-18T08:31:21.102448+00:00,3fe5b70f7b0c4413b7dc199077725d36a0cf02101c97d48797dde765cb3600d2
臺北市,中正區,臺北市中正區,民國114年6月17日,民國114年6月17日,,永昌里016鄰詔安街２４８號十一樓,門牌初編,臺北市,中正區,114-06-01,114-08-31,https://www.ris.gov.tw/info-doorplate/app/doorplate/query,2,47,2026-06-18T08:31:21.103990+00:00,d6b956724023da6a28a3264b46cb9e408772c9f7c60f349841aac63274d27f16
臺北市,中正區,臺北市中正區,民國114年6月17日,民國114年6月17日,,永昌里016鄰詔安街２４８號十一樓之１,門牌初編,臺北市,中正區,114-06-01,114-08-31,https://www.ris.gov.tw/info-doorplate/app/doorplate/query,2,48,2026-06-18T08:31:21.105468+00:00,7edfc20fc7b755d60ab26ea054f96a008c76f93d698442efa291cdc96e7c2388
臺北市,中正區,臺北市中正區,民國114年6月17日,民國114年6月17日,,永昌里016鄰詔安街２４８號十二樓之１,門牌初編,臺北市,中正區,114-06-01,114-08-31,https://www.ris.gov.tw/info-doorplate/app/doorplate/query,2,49,2026-06-18T08:31:21.107092+00:00,c8e42325685824f6d33f99ca98c64eacaae195f4c1733be3dc746611e6fff69d
臺北市,中正區,臺北市中正區,民國114年6月17日,民國114年6月17日,,永昌里016鄰詔安街２４８號十二樓之２,門牌初編,臺北市,中正區,114-06-01,114-08-31,https://www.ris.gov.tw/info-doorplate/app/doorplate/query,2,50,2026-06-18T08:31:21.108717+00:00,8fb9ab9d972f7dc2992ae52bed36e4bc6c87bf61378943fe90043730000dc551
臺北市,中正區,臺北市中正區,民國114年6月17日,民國114年6月17日,,永昌里016鄰詔安街２４８號十三樓,門牌初編,臺北市,中正區,114-06-01,114-08-31,https://www.ris.gov.tw/info-doorplate/app/doorplate/query,3,1,2026-06-18T08:31:21.633200+00:00,4d3ae641778766e8ee769bd0fb77f7823b1caa18602942935845fa14143bc4e0
臺北市,中正區,臺北市中正區,民國114年6月17日,民國114年6月17日,,永昌里016鄰詔安街２４８號十三樓之１,門牌初編,臺北市,中正區,114-06-01,114-08-31,https://www.ris.gov.tw/info-doorplate/app/doorplate/query,3,2,2026-06-18T08:31:21.635077+00:00,75e770bfd1970a02dbebd8c180a75b36df9c4e245291fb0b9ad4c7024d6bd4a8
臺北市,中正區,臺北市中正區,民國114年6月17日,民國114年6月17日,,永昌里016鄰詔安街２４８號十四樓之２,門牌初編,臺北市,中正區,114-06-01,114-08-31,https://www.ris.gov.tw/info-doorplate/app/doorplate/query,3,3,2026-06-18T08:31:21.636728+00:00,28836f6df94cba52bbd2142bc7957c08797cb261af7b2425929f7789e2d65b29
臺北市,中正區,臺北市中正區,民國114年6月17日,民國114年6月17日,,永昌里016鄰詔安街２４８號十四樓之１,門牌初編,臺北市,中正區,114-06-01,114-08-31,https://www.ris.gov.tw/info-doorplate/app/doorplate/query,3,4,2026-06-18T08:31:21.638326+00:00,6500343eff265e24bcda2f619bc6b453bea94c6474049253adfbaa1afddb989a
臺北市,中正區,臺北市中正區,民國114年6月17日,民國114年6月17日,,永昌里016鄰詔安街２４８號十五樓之２,門牌初編,臺北市,中正區,114-06-01,114-08-31,https://www.ris.gov.tw/info-doorplate/app/doorplate/query,3,5,2026-06-18T08:31:21.639909+00:00,4611eef93f2a87842cf4a9dd660c1811b6c1bd24ecb009138dce6039ab1cde20
臺北市,中正區,臺北市中正區,民國114年6月17日,民國114年6月17日,,永昌里016鄰詔安街２４８號十六樓,門牌初編,臺北市,中正區,114-06-01,114-08-31,https://www.ris.gov.tw/info-doorplate/app/doorplate/query,3,6,2026-06-18T08:31:21.641664+00:00,515c008cbc2627108754a196704a4ca8f99f5166cf1419f230188940fbb02c8c
臺北市,中正區,臺北市中正區,民國114年6月17日,民國114年6月17日,,永昌里016鄰詔安街２４８號十六樓之２,門牌初編,臺北市,中正區,114-06-01,114-08-31,https://www.ris.gov.tw/info-doorplate/app/doorplate/query,3,7,2026-06-18T08:31:21.643432+00:00,ee2ad187d1265d79634ff9d7abf42505286464de5aeb44b54959c37348de7621
臺北市,中正區,臺北市中正區,民國114年6月17日,民國114年6月17日,,永昌里016鄰詔安街２４８號十六樓之１,門牌初編,臺北市,中正區,114-06-01,114-08-31,https://www.ris.gov.tw/info-doorplate/app/doorplate/query,3,8,2026-06-18T08:31:21.644982+00:00,9ed44a3ec9e958426fd1b48f0c850fbc5f78795603b9bc68f3c9d93cf536914a
臺北市,中正區,臺北市中正區,民國114年6月17日,民國114年6月17日,,永昌里016鄰詔安街２４８號十七樓之２,門牌初編,臺北市,中正區,114-06-01,114-08-31,https://www.ris.gov.tw/info-doorplate/app/doorplate/query,3,9,2026-06-18T08:31:21.646888+00:00,a3de7916760a465da99ffe8813cd7debda639d70c61de26466a567c60d3ef60c
臺北市,中正區,臺北市中正區,民國114年6月17日,民國114年6月17日,,永昌里016鄰詔安街２５０巷１號,門牌初編,臺北市,中正區,114-06-01,114-08-31,https://www.ris.gov.tw/info-doorplate/app/doorplate/query,3,10,2026-06-18T08:31:21.648520+00:00,5c02fe6eb0d7e2bc9eb374ae9ac1ebee9a3c242b149194f767676ceb6b0eab88
臺北市,中正區,臺北市中正區,民國114年6月17日,民國114年6月17日,,永昌里016鄰詔安街２５０巷１號二樓之１,門牌初編,臺北市,中正區,114-06-01,114-08-31,https://www.ris.gov.tw/info-doorplate/app/doorplate/query,3,11,2026-06-18T08:31:21.650529+00:00,e126b5793af971b669a988703976ca7ebc532e459bc5d745d85963b64497bcfb
臺北市,中正區,臺北市中正區,民國114年6月17日,民國114年6月17日,,永昌里016鄰詔安街２５０巷１號二樓之２,門牌初編,臺北市,中正區,114-06-01,114-08-31,https://www.ris.gov.tw/info-doorplate/app/doorplate/query,3,12,2026-06-18T08:31:21.653802+00:00,6720417987a12575e3549dd7810764cb53bf5728219f1826acc8637ea44df7b0
臺北市,中正區,臺北市中正區,民國114年6月17日,民國114年6月17日,,永昌里016鄰詔安街２５０巷１號三樓,門牌初編,臺北市,中正區,114-06-01,114-08-31,https://www.ris.gov.tw/info-doorplate/app/doorplate/query,3,13,2026-06-18T08:31:21.656205+00:00,058fdb10436836b06bccf1c505389da9dcc5eaff36ce4f0b6eb52977f9323578
臺北市,中正區,臺北市中正區,民國114年6月17日,民國114年6月17日,,永昌里016鄰詔安街２５０巷１號三樓之１,門牌初編,臺北市,中正區,114-06-01,114-08-31,https://www.ris.gov.tw/info-doorplate/app/doorplate/query,3,14,2026-06-18T08:31:21.658360+00:00,a36da20674ec9ea3ca1efeb7ea0fc3a6391dfdc085a6473b69014023d546b6c3
臺北市,中正區,臺北市中正區,民國114年6月17日,民國114年6月17日,,永昌里016鄰詔安街２５０巷１號四樓,門牌初編,臺北市,中正區,114-06-01,114-08-31,https://www.ris.gov.tw/info-doorplate/app/doorplate/query,3,15,2026-06-18T08:31:21.660541+00:00,732a5785850cdece04bc331a0fb7ac23c392df22bccecfa6cb8d928afd83fedc
臺北市,中正區,臺北市中正區,民國114年6月17日,民國114年6月17日,,永昌里016鄰詔安街２５０巷１號四樓之１,門牌初編,臺北市,中正區,114-06-01,114-08-31,https://www.ris.gov.tw/info-doorplate/app/doorplate/query,3,16,2026-06-18T08:31:21.662580+00:00,9eb07246633cbb4d77d7b29f435c342c562019117d11c41ea1c6ca8b20248868
臺北市,中正區,臺北市中正區,民國114年6月17日,民國114年6月17日,,永昌里016鄰詔安街２５０巷１號四樓之３,門牌初編,臺北市,中正區,114-06-01,114-08-31,https://www.ris.gov.tw/info-doorplate/app/doorplate/query,3,17,2026-06-18T08:31:21.664289+00:00,3d07a11c080bcdef82cb8b2f55e82a462d3d32187db8608138560061b998e9e9
臺北市,中正區,臺北市中正區,民國114年6月17日,民國114年6月17日,,永昌里016鄰詔安街２５０巷１號五樓,門牌初編,臺北市,中正區,114-06-01,114-08-31,https://www.ris.gov.tw/info-doorplate/app/doorplate/query,3,18,2026-06-18T08:31:21.666167+00:00,ff456dbe23708934be190f4548a26859e0fcaa20b435a010438d5b54d8b5e749
臺北市,中正區,臺北市中正區,民國114年6月17日,民國114年6月17日,,永昌里016鄰詔安街２５０巷１號五樓之２,門牌初編,臺北市,中正區,114-06-01,114-08-31,https://www.ris.gov.tw/info-doorplate/app/doorplate/query,3,19,2026-06-18T08:31:21.667910+00:00,64062b26c19bdffca48cde10d2051d6d5cbd33ca48d1ef6bcd3995ab641dfe96
臺北市,中正區,臺北市中正區,民國114年6月17日,民國114年6月17日,,永昌里016鄰詔安街２５０巷１號五樓之３,門牌初編,臺北市,中正區,114-06-01,114-08-31,https://www.ris.gov.tw/info-doorplate/app/doorplate/query,3,20,2026-06-18T08:31:21.669497+00:00,03381f950ca9cf55f723b07cf774e2326ff30fe15b51c8c24ccee22beaf67896
臺北市,中正區,臺北市中正區,民國114年6月17日,民國114年6月17日,,永昌里016鄰詔安街２５０巷１號六樓之２,門牌初編,臺北市,中正區,114-06-01,114-08-31,https://www.ris.gov.tw/info-doorplate/app/doorplate/query,3,21,2026-06-18T08:31:21.671262+00:00,87e73172b8f1bd1301110bfdca81f031055a743866fe46ab846e65d34f92c924
臺北市,中正區,臺北市中正區,民國114年6月17日,民國114年6月17日,,永昌里016鄰詔安街２５０巷１號六樓之３,門牌初編,臺北市,中正區,114-06-01,114-08-31,https://www.ris.gov.tw/info-doorplate/app/doorplate/query,3,22,2026-06-18T08:31:21.673104+00:00,7724d7e2cb3a4da44306ee2495eb0e6c209aef8f4d91f879d7b2c96291576f7a
臺北市,中正區,臺北市中正區,民國114年6月17日,民國114年6月17日,,永昌里016鄰詔安街２５０巷１號七樓之１,門牌初編,臺北市,中正區,114-06-01,114-08-31,https://www.ris.gov.tw/info-doorplate/app/doorplate/query,3,23,2026-06-18T08:31:21.674632+00:00,415f78f622cd94eefd314b491bd3a230d663dc8282b29dc1c2f27062d2bcba00
臺北市,中正區,臺北市中正區,民國114年6月17日,民國114年6月17日,,永昌里016鄰詔安街２５０巷１號七樓之２,門牌初編,臺北市,中正區,114-06-01,114-08-31,https://www.ris.gov.tw/info-doorplate/app/doorplate/query,3,24,2026-06-18T08:31:21.676134+00:00,11b981ba915e69769fac97320f56d15d993febf7150cce4edc25597aa8135463
臺北市,中正區,臺北市中正區,民國114年6月17日,民國114年6月17日,,永昌里016鄰詔安街２４８號十樓之１,門牌初編,臺北市,中正區,114-06-01,114-08-31,https://www.ris.gov.tw/info-doorplate/app/doorplate/query,3,25,2026-06-18T08:31:21.677823+00:00,46245f98e13689b939bbafeb31404b1e3d790a1552e88c79971deb6f5e9b6e34
臺北市,中正區,臺北市中正區,民國114年6月17日,民國114年6月17日,,永昌里016鄰詔安街２４８號十二樓,門牌初編,臺北市,中正區,114-06-01,114-08-31,https://www.ris.gov.tw/info-doorplate/app/doorplate/query,3,26,2026-06-18T08:31:21.679478+00:00,e274ee3b374fa8faace649e82e124447293c74ee818dca69e855663ff39ab350
臺北市,中正區,臺北市中正區,民國114年6月17日,民國114年6月17日,,永昌里016鄰詔安街２４８號十三樓之２,門牌初編,臺北市,中正區,114-06-01,114-08-31,https://www.ris.gov.tw/info-doorplate/app/doorplate/query,3,27,2026-06-18T08:31:21.681073+00:00,1edb89af7d99129c0acd957945131ee0b2d4afdd02f48c2870a8301d205e56a6
臺北市,中正區,臺北市中正區,民國114年6月17日,民國114年6月17日,,永昌里016鄰詔安街２４８號十五樓,門牌初編,臺北市,中正區,114-06-01,114-08-31,https://www.ris.gov.tw/info-doorplate/app/doorplate/query,3,28,2026-06-18T08:31:21.682760+00:00,aec3f05fa870cd14a304a63a8cad74490aa7b34902497422b0ca405db71bfd81
臺北市,中正區,臺北市中正區,民國114年6月17日,民國114年6月17日,,永昌里016鄰詔安街２４８號十七樓之１,門牌初編,臺北市,中正區,114-06-01,114-08-31,https://www.ris.gov.tw/info-doorplate/app/doorplate/query,3,29,2026-06-18T08:31:21.684367+00:00,c8600e709a8a53ca22d3f7010960aa192e3069084455166a5ab0dea6819c09dd
臺北市,中正區,臺北市中正區,民國114年6月17日,民國114年6月17日,,永昌里016鄰詔安街２５０巷１號二樓,門牌初編,臺北市,中正區,114-06-01,114-08-31,https://www.ris.gov.tw/info-doorplate/app/doorplate/query,3,30,2026-06-18T08:31:21.685990+00:00,0b269c282b0731807a9e84e14cb20ce3fde659a44b705be722d3bf767bae5bd4
臺北市,中正區,臺北市中正區,民國114年6月17日,民國114年6月17日,,永昌里016鄰詔安街２５０巷１號三樓之３,門牌初編,臺北市,中正區,114-06-01,114-08-31,https://www.ris.gov.tw/info-doorplate/app/doorplate/query,3,31,2026-06-18T08:31:21.687488+00:00,0f454e347ac9d40ce22655606d2e7bbc779401cf086fa7ee215751f7ee502a2a
臺北市,中正區,臺北市中正區,民國114年6月17日,民國114年6月17日,,永昌里016鄰詔安街２５０巷１號四樓之２,門牌初編,臺北市,中正區,114-06-01,114-08-31,https://www.ris.gov.tw/info-doorplate/app/doorplate/query,3,32,2026-06-18T08:31:21.689193+00:00,bef1551300f615b03f7ac9746087c13ba38f6708c379cb92396156945095ac5d
臺北市,中正區,臺北市中正區,民國114年6月17日,民國114年6月17日,,永昌里016鄰詔安街２５０巷１號六樓之１,門牌初編,臺北市,中正區,114-06-01,114-08-31,https://www.ris.gov.tw/info-doorplate/app/doorplate/query,3,33,2026-06-18T08:31:21.690853+00:00,9ad0e44f4cd5ad1d4c56a470cafe62a5bd9a946c1f411054f416ab0e9b3c5838
臺北市,中正區,臺北市中正區,民國114年6月17日,民國114年6月17日,,永昌里016鄰詔安街２５０巷１號七樓,門牌初編,臺北市,中正區,114-06-01,114-08-31,https://www.ris.gov.tw/info-doorplate/app/doorplate/query,3,34,2026-06-18T08:31:21.692643+00:00,d834b57d80630988ae075167ec74506b2189452e5ecfe950ab73021d53cc81af
臺北市,中正區,臺北市中正區,民國114年6月17日,民國114年6月17日,,永昌里016鄰詔安街２５０巷１號八樓,門牌初編,臺北市,中正區,114-06-01,114-08-31,https://www.ris.gov.tw/info-doorplate/app/doorplate/query,3,35,2026-06-18T08:31:21.694256+00:00,729f18be7641693d584626e4dcffe1cfdb667d266c439e7f0104ea81bf765a16
臺北市,中正區,臺北市中正區,民國114年6月17日,民國114年6月17日,,永昌里016鄰詔安街２５０巷１號八樓之１,門牌初編,臺北市,中正區,114-06-01,114-08-31,https://www.ris.gov.tw/info-doorplate/app/doorplate/query,3,36,2026-06-18T08:31:21.696010+00:00,243c6f57673ee38dfa29c5a1d44b900b980fc8a617b51dec49ce2de1b9fa6ec4
臺北市,中正區,臺北市中正區,民國114年6月17日,民國114年6月17日,,永昌里016鄰詔安街２５０巷１號九樓之１,門牌初編,臺北市,中正區,114-06-01,114-08-31,https://www.ris.gov.tw/info-doorplate/app/doorplate/query,3,37,2026-06-18T08:31:21.698192+00:00,3109012bb413948846ab197e883c35b1ee8c8ef5d4727b8caa5ec633b24d4478
臺北市,中正區,臺北市中正區,民國114年6月17日,民國114年6月17日,,永昌里016鄰詔安街２５０巷１號十一樓,門牌初編,臺北市,中正區,114-06-01,114-08-31,https://www.ris.gov.tw/info-doorplate/app/doorplate/query,3,38,2026-06-18T08:31:21.699856+00:00,1bc1737f41950548be9806687c49c58af72b7be5104948da9b34c5ef5a318011
臺北市,中正區,臺北市中正區,民國114年6月16日,民國114年6月16日,,龍光里003鄰和平西路二段４１號二樓,門牌初編,臺北市,中正區,114-06-01,114-08-31,https://www.ris.gov.tw/info-doorplate/app/doorplate/query,3,39,2026-06-18T08:31:21.701497+00:00,efcf4d96de796ebb11849f05020df253c139600a3429710c44508502387dee18
臺北市,中正區,臺北市中正區,民國114年6月16日,民國114年6月16日,,龍光里003鄰和平西路二段４１號三樓,門牌初編,臺北市,中正區,114-06-01,114-08-31,https://www.ris.gov.tw/info-doorplate/app/doorplate/query,3,40,2026-06-18T08:31:21.703096+00:00,5c3aa7581dca130e7fd1c67cda199a13196c3dc6f41842fb074539b0d59bd982
臺北市,中正區,臺北市中正區,民國114年6月16日,民國114年6月16日,,龍光里003鄰和平西路二段４１號六樓,門牌初編,臺北市,中正區,114-06-01,114-08-31,https://www.ris.gov.tw/info-doorplate/app/doorplate/query,3,41,2026-06-18T08:31:21.705002+00:00,def3ab8ae505d9c859e3555b87b7d6425e466b57604a1f2a8270270979e237a2
臺北市,中正區,臺北市中正區,民國114年6月16日,民國114年6月16日,,龍光里003鄰和平西路二段４１號七樓,門牌初編,臺北市,中正區,114-06-01,114-08-31,https://www.ris.gov.tw/info-doorplate/app/doorplate/query,3,42,2026-06-18T08:31:21.706527+00:00,3b3ee6801414d384ddc4fce898c714f747d8e63ae37f61c88936551d19aea3bf
臺北市,中正區,臺北市中正區,民國114年6月16日,民國114年6月16日,,龍光里003鄰和平西路二段４１號九樓,門牌初編,臺北市,中正區,114-06-01,114-08-31,https://www.ris.gov.tw/info-doorplate/app/doorplate/query,3,43,2026-06-18T08:31:21.708101+00:00,d6150000494d0a238c19bd3d7fdd80370a172e696cbc4d4f3e277dbc4c266803
臺北市,中正區,臺北市中正區,民國114年6月16日,民國114年6月16日,,龍光里003鄰和平西路二段４３號二樓,門牌初編,臺北市,中正區,114-06-01,114-08-31,https://www.ris.gov.tw/info-doorplate/app/doorplate/query,3,44,2026-06-18T08:31:21.709576+00:00,7841de73b65be8213927763db2defa2821c769145986f36701bff5cc1dab358e
臺北市,中正區,臺北市中正區,民國114年6月16日,民國114年6月16日,,龍光里003鄰和平西路二段４３號三樓,門牌初編,臺北市,中正區,114-06-01,114-08-31,https://www.ris.gov.tw/info-doorplate/app/doorplate/query,3,45,2026-06-18T08:31:21.711218+00:00,46393c67ca59304f01449751460ce4fe6a2c4800b9d4aced32f01587fc57ffd7
臺北市,中正區,臺北市中正區,民國114年6月16日,民國114年6月16日,,龍光里003鄰和平西路二段４３號五樓,門牌初編,臺北市,中正區,114-06-01,114-08-31,https://www.ris.gov.tw/info-doorplate/app/doorplate/query,3,46,2026-06-18T08:31:21.713436+00:00,d901ea9e3c1adc57ed0a5bf1f93a0608befe4cd6cc30850278c5b48e25ed16d5
臺北市,中正區,臺北市中正區,民國114年6月16日,民國114年6月16日,,龍光里003鄰和平西路二段４３號八樓,門牌初編,臺北市,中正區,114-06-01,114-08-31,https://www.ris.gov.tw/info-doorplate/app/doorplate/query,3,47,2026-06-18T08:31:21.715194+00:00,742f2f2f154ea7f76b4185057f617354506e1b2264a808b9c84eaf4fce5909d3
臺北市,中正區,臺北市中正區,民國114年6月16日,民國114年6月16日,,龍光里003鄰和平西路二段４３號十樓,門牌初編,臺北市,中正區,114-06-01,114-08-31,https://www.ris.gov.tw/info-doorplate/app/doorplate/query,3,48,2026-06-18T08:31:21.716911+00:00,1ca2e3dd931be15949106df486d25278a60559f018a60913c294a5877451f22f
臺北市,中正區,臺北市中正區,民國114年6月16日,民國114年6月16日,,龍光里003鄰和平西路二段４１號五樓,門牌初編,臺北市,中正區,114-06-01,114-08-31,https://www.ris.gov.tw/info-doorplate/app/doorplate/query,3,49,2026-06-18T08:31:21.718509+00:00,a345130d37c5f2e63ebf177f613f99c0a15863df7beacc51b6177af8b9f25cf9
臺北市,中正區,臺北市中正區,民國114年6月16日,民國114年6月16日,,龍光里003鄰和平西路二段４１號八樓,門牌初編,臺北市,中正區,114-06-01,114-08-31,https://www.ris.gov.tw/info-doorplate/app/doorplate/query,3,50,2026-06-18T08:31:21.720150+00:00,55dc9fe0ad0f6861db0a97d8e1f0e19ed860a439ed563091c78fd3e72c99edf3
臺北市,中正區,臺北市中正區,民國114年6月16日,民國114年6月16日,,龍光里003鄰和平西路二段４３號七樓,門牌初編,臺北市,中正區,114-06-01,114-08-31,https://www.ris.gov.tw/info-doorplate/app/doorplate/query,4,1,2026-06-18T08:31:22.244526+00:00,5b86f794e6eb55d4af75e3a36fc67965f40f7d435b6441d1e5da5ab4c0569d65
臺北市,中正區,臺北市中正區,民國114年6月16日,民國114年6月16日,,龍光里003鄰和平西路二段４３號六樓,門牌初編,臺北市,中正區,114-06-01,114-08-31,https://www.ris.gov.tw/info-doorplate/app/doorplate/query,4,2,2026-06-18T08:31:22.247748+00:00,6a9edb4aef13e23d970238f462274b19de6b79d88d94a229dea9b560fc42fc0a
臺北市,中正區,臺北市中正區,民國114年6月16日,民國114年6月16日,,龍光里003鄰和平西路二段４１號四樓,門牌初編,臺北市,中正區,114-06-01,114-08-31,https://www.ris.gov.tw/info-doorplate/app/doorplate/query,4,3,2026-06-18T08:31:22.249920+00:00,2bdf45906963b0dcbe232cc1872775e418a29aa108689479368ac5a40c9f04a6
臺北市,中正區,臺北市中正區,民國114年6月16日,民國114年6月16日,,龍光里003鄰和平西路二段４１號十樓,門牌初編,臺北市,中正區,114-06-01,114-08-31,https://www.ris.gov.tw/info-doorplate/app/doorplate/query,4,4,2026-06-18T08:31:22.252493+00:00,eb0d2bd69d6429d408dc454b144f7f4b4287662c41deb737fc877f5a169f506f
臺北市,中正區,臺北市中正區,民國114年6月16日,民國114年6月16日,,龍光里003鄰和平西路二段４１號十一樓,門牌初編,臺北市,中正區,114-06-01,114-08-31,https://www.ris.gov.tw/info-doorplate/app/doorplate/query,4,5,2026-06-18T08:31:22.255748+00:00,d30cc8f8ad7b449f036d1c9c3da4d875b05becf7746a488ac308d91bd50b2757
臺北市,中正區,臺北市中正區,民國114年6月16日,民國114年6月16日,,龍光里003鄰和平西路二段４３號四樓,門牌初編,臺北市,中正區,114-06-01,114-08-31,https://www.ris.gov.tw/info-doorplate/app/doorplate/query,4,6,2026-06-18T08:31:22.259186+00:00,c11321a0b716567afa9f46c2d9081cee044008e9e93660bf8b9cb3988974ee4f
臺北市,中正區,臺北市中正區,民國114年6月16日,民國114年6月16日,,龍光里003鄰和平西路二段４３號九樓,門牌初編,臺北市,中正區,114-06-01,114-08-31,https://www.ris.gov.tw/info-doorplate/app/doorplate/query,4,7,2026-06-18T08:31:22.263184+00:00,89d63e99afd25d56371a889bf31e824eb2211ed104b4a8c36744818bf366caa0
臺北市,中正區,臺北市中正區,民國114年6月13日,民國114年6月13日,,黎明里004鄰中山南路２巷３號三樓,門牌初編,臺北市,中正區,114-06-01,114-08-31,https://www.ris.gov.tw/info-doorplate/app/doorplate/query,4,8,2026-06-18T08:31:22.267152+00:00,6884257c9a7c6daf6a610fcbf495af4028eaab1717d389858e31c2b5c09d6838
臺北市,中正區,臺北市中正區,民國114年6月13日,民國114年6月13日,,黎明里004鄰中山南路２巷３號三樓之３,門牌初編,臺北市,中正區,114-06-01,114-08-31,https://www.ris.gov.tw/info-doorplate/app/doorplate/query,4,9,2026-06-18T08:31:22.269836+00:00,0a991cab14d5bffd5e7d2170b87a7b12bbd5c462b210d88dddfd7f5bcdc77179
臺北市,中正區,臺北市中正區,民國114年6月13日,民國114年6月13日,,黎明里004鄰中山南路２巷３號三樓之５,門牌初編,臺北市,中正區,114-06-01,114-08-31,https://www.ris.gov.tw/info-doorplate/app/doorplate/query,4,10,2026-06-18T08:31:22.273035+00:00,184dd321fa153ff3a13a910b1b564772a47ab433326ded2f91a13a338b5719e3
臺北市,中正區,臺北市中正區,民國114年6月13日,民國114年6月13日,,黎明里004鄰中山南路２巷３號三樓之４,門牌初編,臺北市,中正區,114-06-01,114-08-31,https://www.ris.gov.tw/info-doorplate/app/doorplate/query,4,11,2026-06-18T08:31:22.275912+00:00,40d44f2c7699856ac0265c4927780d9e61c1b06606b61eae34ef66335f57d421
臺北市,中正區,臺北市中正區,民國114年6月13日,民國114年6月13日,,黎明里004鄰中山南路２巷３號三樓之６,門牌初編,臺北市,中正區,114-06-01,114-08-31,https://www.ris.gov.tw/info-doorplate/app/doorplate/query,4,12,2026-06-18T08:31:22.278985+00:00,99c88676a5fbc0abbf1f654d6c3acd445e52757a9c682347e8037807d94b45dd
臺北市,中正區,臺北市中正區,民國114年6月13日,民國114年6月13日,,黎明里004鄰中山南路２巷３號三樓之１０,門牌初編,臺北市,中正區,114-06-01,114-08-31,https://www.ris.gov.tw/info-doorplate/app/doorplate/query,4,13,2026-06-18T08:31:22.282666+00:00,021f89ec95b4201a906d78ef4b5b2528d27e5b45dd7f170dd455b4339c758df7
臺北市,中正區,臺北市中正區,民國114年6月13日,民國114年6月13日,,黎明里004鄰中山南路２巷３號三樓之９,門牌初編,臺北市,中正區,114-06-01,114-08-31,https://www.ris.gov.tw/info-doorplate/app/doorplate/query,4,14,2026-06-18T08:31:22.285998+00:00,1988a9da3ddd767c2c574317ba3cae5ebf2e84ef11b6b1aae05931e69f8f986c
臺北市,中正區,臺北市中正區,民國114年6月13日,民國114年6月13日,,黎明里004鄰中山南路２巷３號四樓之１,門牌初編,臺北市,中正區,114-06-01,114-08-31,https://www.ris.gov.tw/info-doorplate/app/doorplate/query,4,15,2026-06-18T08:31:22.289115+00:00,001539ae229c71c667a7fd5aee5c14a5e17c851c60af8cd53c4ce84df3462278
臺北市,中正區,臺北市中正區,民國114年6月13日,民國114年6月13日,,黎明里004鄰中山南路２巷３號四樓,門牌初編,臺北市,中正區,114-06-01,114-08-31,https://www.ris.gov.tw/info-doorplate/app/doorplate/query,4,16,2026-06-18T08:31:22.292590+00:00,a6d9c5178b591013ef5d6c6fb7a4d53f3808d3d12ec96c343754f7e11095e9af
臺北市,中正區,臺北市中正區,民國114年6月13日,民國114年6月13日,,黎明里004鄰中山南路２巷３號四樓之２,門牌初編,臺北市,中正區,114-06-01,114-08-31,https://www.ris.gov.tw/info-doorplate/app/doorplate/query,4,17,2026-06-18T08:31:22.296013+00:00,974f2289eed26c746ef9ca3a493e561d9f5833b8b91c538a84620cef283f4312
臺北市,中正區,臺北市中正區,民國114年6月13日,民國114年6月13日,,黎明里004鄰中山南路２巷３號四樓之４,門牌初編,臺北市,中正區,114-06-01,114-08-31,https://www.ris.gov.tw/info-doorplate/app/doorplate/query,4,18,2026-06-18T08:31:22.299120+00:00,08f016d8504e71623fde014aafed06fbd53e5e0207332c7c590ee7ff3d2157bd
臺北市,中正區,臺北市中正區,民國114年6月13日,民國114年6月13日,,黎明里004鄰中山南路２巷３號四樓之６,門牌初編,臺北市,中正區,114-06-01,114-08-31,https://www.ris.gov.tw/info-doorplate/app/doorplate/query,4,19,2026-06-18T08:31:22.303118+00:00,1aa50e44d9b8b8ac525f76c67312fc65ab6858aca7faacd66f9bed5aa596eb5b
臺北市,中正區,臺北市中正區,民國114年6月13日,民國114年6月13日,,黎明里004鄰中山南路２巷３號四樓之７,門牌初編,臺北市,中正區,114-06-01,114-08-31,https://www.ris.gov.tw/info-doorplate/app/doorplate/query,4,20,2026-06-18T08:31:22.309882+00:00,4a394324983093ecd61c7650dbd616a584ef4160e14f1e8b7a2aefad51098036
臺北市,中正區,臺北市中正區,民國114年6月13日,民國114年6月13日,,黎明里004鄰中山南路２巷３號四樓之９,門牌初編,臺北市,中正區,114-06-01,114-08-31,https://www.ris.gov.tw/info-doorplate/app/doorplate/query,4,21,2026-06-18T08:31:22.314122+00:00,84f601b805eb1968cc47107bbd926b4b4ecd316ec8b8bec4c4cae74235d7608e
臺北市,中正區,臺北市中正區,民國114年6月13日,民國114年6月13日,,黎明里004鄰中山南路２巷３號五樓,門牌初編,臺北市,中正區,114-06-01,114-08-31,https://www.ris.gov.tw/info-doorplate/app/doorplate/query,4,22,2026-06-18T08:31:22.317864+00:00,d00789ee0363d64d7c8d8c0464a527a5c919027dfd4eb59effbc969643da27a5
臺北市,中正區,臺北市中正區,民國114年6月13日,民國114年6月13日,,黎明里004鄰中山南路２巷３號五樓之２,門牌初編,臺北市,中正區,114-06-01,114-08-31,https://www.ris.gov.tw/info-doorplate/app/doorplate/query,4,23,2026-06-18T08:31:22.322147+00:00,b3375f82abce5677499ed38134b26c3baffa35e6e1f409323932b8afb0f18bae
臺北市,中正區,臺北市中正區,民國114年6月13日,民國114年6月13日,,黎明里004鄰中山南路２巷３號五樓之３,門牌初編,臺北市,中正區,114-06-01,114-08-31,https://www.ris.gov.tw/info-doorplate/app/doorplate/query,4,24,2026-06-18T08:31:22.325471+00:00,149cb5008a02770a1a2a13ecc64e8b2389daccfae1e71d27609f3199f3d71bd5
臺北市,中正區,臺北市中正區,民國114年6月13日,民國114年6月13日,,黎明里004鄰中山南路２巷３號五樓之５,門牌初編,臺北市,中正區,114-06-01,114-08-31,https://www.ris.gov.tw/info-doorplate/app/doorplate/query,4,25,2026-06-18T08:31:22.329573+00:00,4ed6f1a7d72ca6ffc63c0ae78c10e19d1521fe076f4f84a03abcf334be5fedda
臺北市,中正區,臺北市中正區,民國114年6月13日,民國114年6月13日,,黎明里004鄰中山南路２巷３號五樓之６,門牌初編,臺北市,中正區,114-06-01,114-08-31,https://www.ris.gov.tw/info-doorplate/app/doorplate/query,4,26,2026-06-18T08:31:22.333198+00:00,a1094a2db38bbda02af231a3c8e5d0087ff6487eae961b78d6f75c103b75f2cf
臺北市,中正區,臺北市中正區,民國114年6月13日,民國114年6月13日,,黎明里004鄰中山南路２巷３號五樓之８,門牌初編,臺北市,中正區,114-06-01,114-08-31,https://www.ris.gov.tw/info-doorplate/app/doorplate/query,4,27,2026-06-18T08:31:22.336464+00:00,7eca64ff47dbdac2ced3e8d68ce42bd29b304705352453bc316907fd214704c2
臺北市,中正區,臺北市中正區,民國114年6月13日,民國114年6月13日,,黎明里004鄰中山南路２巷３號五樓之９,門牌初編,臺北市,中正區,114-06-01,114-08-31,https://www.ris.gov.tw/info-doorplate/app/doorplate/query,4,28,2026-06-18T08:31:22.340159+00:00,239df70dc4f3c05d2fc8d8707731173c4121eb8de9102058e32377aebacb5a54
臺北市,中正區,臺北市中正區,民國114年6月13日,民國114年6月13日,,黎明里004鄰中山南路２巷３號四樓之３,門牌初編,臺北市,中正區,114-06-01,114-08-31,https://www.ris.gov.tw/info-doorplate/app/doorplate/query,4,29,2026-06-18T08:31:22.343501+00:00,f644a34b3ff38c568f63ff18ac7ab0fbc929721e0cba32278d50e4798a38f1a9
臺北市,中正區,臺北市中正區,民國114年6月13日,民國114年6月13日,,黎明里004鄰中山南路２巷３號四樓之５,門牌初編,臺北市,中正區,114-06-01,114-08-31,https://www.ris.gov.tw/info-doorplate/app/doorplate/query,4,30,2026-06-18T08:31:22.347053+00:00,6472706767d5351e2e5a59997a8a767615ff4a0cd727a393489b8d4d49138f52
臺北市,中正區,臺北市中正區,民國114年6月13日,民國114年6月13日,,黎明里004鄰中山南路２巷３號四樓之８,門牌初編,臺北市,中正區,114-06-01,114-08-31,https://www.ris.gov.tw/info-doorplate/app/doorplate/query,4,31,2026-06-18T08:31:22.351014+00:00,17903c1f57174b3ae7ed618549ebe0ee60bf030e2e4e19bd93066aafbbc21f0f
臺北市,中正區,臺北市中正區,民國114年6月13日,民國114年6月13日,,黎明里004鄰中山南路２巷３號五樓之１,門牌初編,臺北市,中正區,114-06-01,114-08-31,https://www.ris.gov.tw/info-doorplate/app/doorplate/query,4,32,2026-06-18T08:31:22.354483+00:00,5b04d4b4ba7520240beb18bce254af2f7d12c26967db0a5b89315c37b213c215
臺北市,中正區,臺北市中正區,民國114年6月13日,民國114年6月13日,,黎明里004鄰中山南路２巷３號五樓之４,門牌初編,臺北市,中正區,114-06-01,114-08-31,https://www.ris.gov.tw/info-doorplate/app/doorplate/query,4,33,2026-06-18T08:31:22.359090+00:00,dc538971413205c81958f0d1ecded5c57e76ab88c308d5ab2d2a1223554ddd66
臺北市,中正區,臺北市中正區,民國114年6月13日,民國114年6月13日,,黎明里004鄰中山南路２巷３號五樓之７,門牌初編,臺北市,中正區,114-06-01,114-08-31,https://www.ris.gov.tw/info-doorplate/app/doorplate/query,4,34,2026-06-18T08:31:22.364149+00:00,5803c3f8357b43a19c2109f7465067d581c60b2b9184154c7af0d39ad43ffb16
臺北市,中正區,臺北市中正區,民國114年6月13日,民國114年6月13日,,黎明里004鄰中山南路２巷３號五樓之１０,門牌初編,臺北市,中正區,114-06-01,114-08-31,https://www.ris.gov.tw/info-doorplate/app/doorplate/query,4,35,2026-06-18T08:31:22.367953+00:00,0c41059127ba9dfdcf7a717ac84afd89f7b308b51e2ec711a1c57a42f281e8c4
臺北市,中正區,臺北市中正區,民國114年6月13日,民國114年6月13日,,黎明里004鄰中山南路２巷３號六樓,門牌初編,臺北市,中正區,114-06-01,114-08-31,https://www.ris.gov.tw/info-doorplate/app/doorplate/query,4,36,2026-06-18T08:31:22.371242+00:00,f95aee91bdaca1aad2f614d452d6861674fe614a6eb50d2694ada097a0c08089
臺北市,中正區,臺北市中正區,民國114年6月13日,民國114年6月13日,,黎明里004鄰中山南路２巷３號六樓之１,門牌初編,臺北市,中正區,114-06-01,114-08-31,https://www.ris.gov.tw/info-doorplate/app/doorplate/query,4,37,2026-06-18T08:31:22.374906+00:00,fc348ec7c50e1752ec373e2e1c721ed719fb7d22b97a2e8aa7005c484bc12cc9
臺北市,中正區,臺北市中正區,民國114年6月13日,民國114年6月13日,,黎明里004鄰中山南路２巷３號六樓之３,門牌初編,臺北市,中正區,114-06-01,114-08-31,https://www.ris.gov.tw/info-doorplate/app/doorplate/query,4,38,2026-06-18T08:31:22.377956+00:00,1a847cbd901b83ff6955191192f75d2f55955dd07924c0a6117f44589bcac2b1
臺北市,中正區,臺北市中正區,民國114年6月13日,民國114年6月13日,,黎明里004鄰中山南路２巷３號六樓之５,門牌初編,臺北市,中正區,114-06-01,114-08-31,https://www.ris.gov.tw/info-doorplate/app/doorplate/query,4,39,2026-06-18T08:31:22.380939+00:00,4630a26f25b5c8282fce7ce70126121289e1447ba8f8cc26fa413de6e854d5f1
臺北市,中正區,臺北市中正區,民國114年6月13日,民國114年6月13日,,黎明里004鄰中山南路２巷３號六樓之６,門牌初編,臺北市,中正區,114-06-01,114-08-31,https://www.ris.gov.tw/info-doorplate/app/doorplate/query,4,40,2026-06-18T08:31:22.383126+00:00,43401adfd23dd1e7985b982ef835e65ded6080d2cad59a05bfad5217fcd1ab56
臺北市,中正區,臺北市中正區,民國114年6月13日,民國114年6月13日,,黎明里004鄰中山南路２巷３號六樓之７,門牌初編,臺北市,中正區,114-06-01,114-08-31,https://www.ris.gov.tw/info-doorplate/app/doorplate/query,4,41,2026-06-18T08:31:22.385946+00:00,33acdf836c5564ce363de90f6b43c976c51970efb6088b0dec58e337f5d2f6aa
臺北市,中正區,臺北市中正區,民國114年6月13日,民國114年6月13日,,黎明里004鄰中山南路２巷３號六樓之９,門牌初編,臺北市,中正區,114-06-01,114-08-31,https://www.ris.gov.tw/info-doorplate/app/doorplate/query,4,42,2026-06-18T08:31:22.388537+00:00,fdeca13c96adee3e3e8dde96391f03f3e7d2ac3a68225c374a66e728b432413f
臺北市,中正區,臺北市中正區,民國114年6月13日,民國114年6月13日,,黎明里004鄰中山南路２巷３號六樓之１０,門牌初編,臺北市,中正區,114-06-01,114-08-31,https://www.ris.gov.tw/info-doorplate/app/doorplate/query,4,43,2026-06-18T08:31:22.390756+00:00,a34dbf17a3406e421014cb3559bc5e4962a1801e8c05d11cb67349791fcc8575
臺北市,中正區,臺北市中正區,民國114年6月13日,民國114年6月13日,,黎明里004鄰中山南路２巷３號七樓,門牌初編,臺北市,中正區,114-06-01,114-08-31,https://www.ris.gov.tw/info-doorplate/app/doorplate/query,4,44,2026-06-18T08:31:22.393449+00:00,7622920508c682bf0243deae55456ecb4f7509de0e3ee7637d93a4b611698af4
臺北市,中正區,臺北市中正區,民國114年6月13日,民國114年6月13日,,黎明里004鄰中山南路２巷３號七樓之２,門牌初編,臺北市,中正區,114-06-01,114-08-31,https://www.ris.gov.tw/info-doorplate/app/doorplate/query,4,45,2026-06-18T08:31:22.396393+00:00,995ee9c03e7a5724cef603774b687dbcda0cca41032b1e1518d81d2ba7ab3659
臺北市,中正區,臺北市中正區,民國114年6月13日,民國114年6月13日,,黎明里004鄰中山南路２巷３號七樓之４,門牌初編,臺北市,中正區,114-06-01,114-08-31,https://www.ris.gov.tw/info-doorplate/app/doorplate/query,4,46,2026-06-18T08:31:22.399832+00:00,9a883fd190615b5dc79d1af428f4cfc25f1f4f37b1f858cbcb3b8e29c4d50ad1
臺北市,中正區,臺北市中正區,民國114年6月13日,民國114年6月13日,,黎明里004鄰中山南路２巷３號七樓之５,門牌初編,臺北市,中正區,114-06-01,114-08-31,https://www.ris.gov.tw/info-doorplate/app/doorplate/query,4,47,2026-06-18T08:31:22.402828+00:00,d6346b6ab94fb2c3651f82279b3550017cdeec66c26d384f6c499227ae3954bb
臺北市,中正區,臺北市中正區,民國114年6月13日,民國114年6月13日,,黎明里004鄰中山南路２巷３號七樓之６,門牌初編,臺北市,中正區,114-06-01,114-08-31,https://www.ris.gov.tw/info-doorplate/app/doorplate/query,4,48,2026-06-18T08:31:22.406667+00:00,a90df66a2517b86bfd5718ea47bda60ec6afe190dc6a6c152ecfb951d5b1c750
臺北市,中正區,臺北市中正區,民國114年6月13日,民國114年6月13日,,黎明里004鄰中山南路２巷３號七樓之７,門牌初編,臺北市,中正區,114-06-01,114-08-31,https://www.ris.gov.tw/info-doorplate/app/doorplate/query,4,49,2026-06-18T08:31:22.408931+00:00,5616d9764f0d91a49c3ff9d3e5c5abb1e3fedbd509eef5c1b4610c0da789b064
臺北市,中正區,臺北市中正區,民國114年6月13日,民國114年6月13日,,黎明里004鄰中山南路２巷３號七樓之９,門牌初編,臺北市,中正區,114-06-01,114-08-31,https://www.ris.gov.tw/info-doorplate/app/doorplate/query,4,50,2026-06-18T08:31:22.411878+00:00,03288e3d4425053519edcbc5dbeb57dc721fe982deac051c3bb8fa86f53cae29
臺北市,中正區,臺北市中正區,民國114年6月13日,民國114年6月13日,,黎明里004鄰中山南路２巷３號七樓之８,門牌初編,臺北市,中正區,114-06-01,114-08-31,https://www.ris.gov.tw/info-doorplate/app/doorplate/query,5,1,2026-06-18T08:31:24.466962+00:00,53c797db30086906fb6ff5d9f7a79b2b68ee9693fab73567cbb99bc753af1f35
臺北市,中正區,臺北市中正區,民國114年6月13日,民國114年6月13日,,黎明里004鄰中山南路２巷３號七樓之１０,門牌初編,臺北市,中正區,114-06-01,114-08-31,https://www.ris.gov.tw/info-doorplate/app/doorplate/query,5,2,2026-06-18T08:31:24.468913+00:00,acb5f1465e22903f8a885df2a9ec9628a58f9c6792fc4e9c6a8443c67f954853
臺北市,中正區,臺北市中正區,民國114年6月13日,民國114年6月13日,,黎明里004鄰中山南路２巷３號八樓之２,門牌初編,臺北市,中正區,114-06-01,114-08-31,https://www.ris.gov.tw/info-doorplate/app/doorplate/query,5,3,2026-06-18T08:31:24.470976+00:00,16edac10e286923cb9d303173b05a13b942c776333087efdf18c851ef8d52714
臺北市,中正區,臺北市中正區,民國114年6月13日,民國114年6月13日,,黎明里004鄰中山南路２巷３號八樓之３,門牌初編,臺北市,中正區,114-06-01,114-08-31,https://www.ris.gov.tw/info-doorplate/app/doorplate/query,5,4,2026-06-18T08:31:24.473377+00:00,0bcb12b73de8850b660c8aa822572b5e11598d2f5f6467a190234ff180e6adb0
臺北市,中正區,臺北市中正區,民國114年6月13日,民國114年6月13日,,黎明里004鄰中山南路２巷３號八樓之４,門牌初編,臺北市,中正區,114-06-01,114-08-31,https://www.ris.gov.tw/info-doorplate/app/doorplate/query,5,5,2026-06-18T08:31:24.475952+00:00,124f22e976d81a78dcd36cac93816196f4e716a65a7ec46f5aaac7bd538bd954
臺北市,中正區,臺北市中正區,民國114年6月13日,民國114年6月13日,,黎明里004鄰中山南路２巷３號八樓之５,門牌初編,臺北市,中正區,114-06-01,114-08-31,https://www.ris.gov.tw/info-doorplate/app/doorplate/query,5,6,2026-06-18T08:31:24.479009+00:00,b759ce418c68a689c9371bb289c7f2ccb1996072cd206a0acabf2346b00c00e6
臺北市,中正區,臺北市中正區,民國114年6月13日,民國114年6月13日,,黎明里004鄰中山南路２巷３號四樓之１０,門牌初編,臺北市,中正區,114-06-01,114-08-31,https://www.ris.gov.tw/info-doorplate/app/doorplate/query,5,7,2026-06-18T08:31:24.481521+00:00,a4bf34907035cf5c7f13d4000be1245386f1303b69ca588a26c3db796a06c3cb
臺北市,中正區,臺北市中正區,民國114年6月13日,民國114年6月13日,,黎明里004鄰中山南路２巷３號六樓之８,門牌初編,臺北市,中正區,114-06-01,114-08-31,https://www.ris.gov.tw/info-doorplate/app/doorplate/query,5,8,2026-06-18T08:31:24.483828+00:00,47ada4764c00c83f2975983147be29c9ca9b13e418f7caf0c896d4db3c2c68be
臺北市,中正區,臺北市中正區,民國114年6月13日,民國114年6月13日,,黎明里004鄰中山南路２巷３號八樓之６,門牌初編,臺北市,中正區,114-06-01,114-08-31,https://www.ris.gov.tw/info-doorplate/app/doorplate/query,5,9,2026-06-18T08:31:24.486367+00:00,a5ac4067c56927fdbf1eecfea3336d61c896dc63e6004b27d5514a595a0e0253
臺北市,中正區,臺北市中正區,民國114年6月13日,民國114年6月13日,,黎明里004鄰中山南路２巷３號八樓之７,門牌初編,臺北市,中正區,114-06-01,114-08-31,https://www.ris.gov.tw/info-doorplate/app/doorplate/query,5,10,2026-06-18T08:31:24.488634+00:00,e04aa8700f59a53afe91f79e6ec4cf04894a9400ab70835a200bc513d78e9c54
臺北市,中正區,臺北市中正區,民國114年6月13日,民國114年6月13日,,黎明里004鄰中山南路２巷３號九樓之２,門牌初編,臺北市,中正區,114-06-01,114-08-31,https://www.ris.gov.tw/info-doorplate/app/doorplate/query,5,11,2026-06-18T08:31:24.490827+00:00,637491704ec7b4e4638a183aee8a2db1bd0f67ab78429ac497c639d9756dd7ea
臺北市,中正區,臺北市中正區,民國114年6月13日,民國114年6月13日,,黎明里004鄰中山南路２巷３號九樓之４,門牌初編,臺北市,中正區,114-06-01,114-08-31,https://www.ris.gov.tw/info-doorplate/app/doorplate/query,5,12,2026-06-18T08:31:24.493114+00:00,f8876e6fdce53e712f87c14de284a8490dd04f61833a61e96cb7f4e513b3e113
臺北市,中正區,臺北市中正區,民國114年6月13日,民國114年6月13日,,黎明里004鄰中山南路２巷３號九樓之５,門牌初編,臺北市,中正區,114-06-01,114-08-31,https://www.ris.gov.tw/info-doorplate/app/doorplate/query,5,13,2026-06-18T08:31:24.495383+00:00,6cfc04bd6977fcaef56ae33441b4d634d2403bd710f4c27917e3171c32f1b95b
臺北市,中正區,臺北市中正區,民國114年6月13日,民國114年6月13日,,黎明里004鄰中山南路２巷３號八樓,門牌初編,臺北市,中正區,114-06-01,114-08-31,https://www.ris.gov.tw/info-doorplate/app/doorplate/query,5,14,2026-06-18T08:31:24.497416+00:00,1988a1a90c639d78673fe668b4ad91deb773c750fc4c02d105bf965c97b2df17
臺北市,中正區,臺北市中正區,民國114年6月13日,民國114年6月13日,,黎明里004鄰中山南路２巷３號九樓,門牌初編,臺北市,中正區,114-06-01,114-08-31,https://www.ris.gov.tw/info-doorplate/app/doorplate/query,5,15,2026-06-18T08:31:24.499416+00:00,e85de031f766d33d3aab00b4b8381ded3609455112f3bd2f1d8ec2dda496f330
臺北市,中正區,臺北市中正區,民國114年6月13日,民國114年6月13日,,黎明里004鄰中山南路２巷３號九樓之１,門牌初編,臺北市,中正區,114-06-01,114-08-31,https://www.ris.gov.tw/info-doorplate/app/doorplate/query,5,16,2026-06-18T08:31:24.501596+00:00,7b979d25e7ce9924122f76a9c466c4e1f1903aa15a9912e6c32b3718acac1abf
臺北市,中正區,臺北市中正區,民國114年6月13日,民國114年6月13日,,黎明里004鄰中山南路２巷３號二樓之１,門牌初編,臺北市,中正區,114-06-01,114-08-31,https://www.ris.gov.tw/info-doorplate/app/doorplate/query,5,17,2026-06-18T08:31:24.504266+00:00,7294fb8a4c94147b059370c70a84fb99efff8a509acba3fa16c3c903e5458d3e
臺北市,中正區,臺北市中正區,民國114年6月13日,民國114年6月13日,,黎明里004鄰中山南路２巷３號二樓之２,門牌初編,臺北市,中正區,114-06-01,114-08-31,https://www.ris.gov.tw/info-doorplate/app/doorplate/query,5,18,2026-06-18T08:31:24.506726+00:00,bf529528432744c434ec2aad37ce810a738305358157daec88aa46cea0c952b2
臺北市,中正區,臺北市中正區,民國114年6月13日,民國114年6月13日,,黎明里004鄰中山南路２巷３號三樓之７,門牌初編,臺北市,中正區,114-06-01,114-08-31,https://www.ris.gov.tw/info-doorplate/app/doorplate/query,5,19,2026-06-18T08:31:24.509369+00:00,8ed632a39473dfa24b044d013036f95bf4a0d754dc3ee265274b9d012a92f6de
臺北市,中正區,臺北市中正區,民國114年6月13日,民國114年6月13日,,黎明里004鄰中山南路２巷３號三樓之８,門牌初編,臺北市,中正區,114-06-01,114-08-31,https://www.ris.gov.tw/info-doorplate/app/doorplate/query,5,20,2026-06-18T08:31:24.511716+00:00,8c0395779071fa16520d6013eadf0748206e8092c14e3e953827fab81bc43a10
臺北市,中正區,臺北市中正區,民國114年6月13日,民國114年6月13日,,黎明里004鄰中山南路２巷３號地下一層,門牌初編,臺北市,中正區,114-06-01,114-08-31,https://www.ris.gov.tw/info-doorplate/app/doorplate/query,5,21,2026-06-18T08:31:24.514175+00:00,cedec9ecbe73d07c6a42b3522d30b6105f35815b6ecdbe14f67c97e6522ee8b0
臺北市,中正區,臺北市中正區,民國114年6月13日,民國114年6月13日,,黎明里004鄰中山南路２巷３號,門牌初編,臺北市,中正區,114-06-01,114-08-31,https://www.ris.gov.tw/info-doorplate/app/doorplate/query,5,22,2026-06-18T08:31:24.516371+00:00,99420a75af292f41e9d14aacb04629185cd200e9b83109443c7c06f45faab565
臺北市,中正區,臺北市中正區,民國114年6月13日,民國114年6月13日,,黎明里004鄰中山南路２巷３號二樓,門牌初編,臺北市,中正區,114-06-01,114-08-31,https://www.ris.gov.tw/info-doorplate/app/doorplate/query,5,23,2026-06-18T08:31:24.519481+00:00,9915fc07f0726fe279f10553751f545963711c045ae7efde84accf438acf8877
臺北市,中正區,臺北市中正區,民國114年6月13日,民國114年6月13日,,黎明里004鄰中山南路２巷３號二樓之３,門牌初編,臺北市,中正區,114-06-01,114-08-31,https://www.ris.gov.tw/info-doorplate/app/doorplate/query,5,24,2026-06-18T08:31:24.521865+00:00,7fba7f13428e77d6db2cb1c72d0360c832dde6304310d4bba50ffb644d88a4e1
臺北市,中正區,臺北市中正區,民國114年6月13日,民國114年6月13日,,黎明里004鄰中山南路２巷３號三樓之１,門牌初編,臺北市,中正區,114-06-01,114-08-31,https://www.ris.gov.tw/info-doorplate/app/doorplate/query,5,25,2026-06-18T08:31:24.523932+00:00,fa737fc78e87036566c01b3f5c380c91803e80147e73b79458d07644cf6b0793
臺北市,中正區,臺北市中正區,民國114年6月13日,民國114年6月13日,,黎明里004鄰中山南路２巷３號三樓之２,門牌初編,臺北市,中正區,114-06-01,114-08-31,https://www.ris.gov.tw/info-doorplate/app/doorplate/query,5,26,2026-06-18T08:31:24.526127+00:00,7c71ab7113ed199b59d9236291333b9e0b1702073988f2e1a1a31d7fbb2f8cbd
臺北市,中正區,臺北市中正區,民國114年6月13日,民國114年6月13日,,黎明里004鄰中山南路２巷３號六樓之２,門牌初編,臺北市,中正區,114-06-01,114-08-31,https://www.ris.gov.tw/info-doorplate/app/doorplate/query,5,27,2026-06-18T08:31:24.528300+00:00,d52c8911a1a6a2fc2a4e096004c815608c887db26567e891c00fec3d4beb3971
臺北市,中正區,臺北市中正區,民國114年6月13日,民國114年6月13日,,黎明里004鄰中山南路２巷３號六樓之４,門牌初編,臺北市,中正區,114-06-01,114-08-31,https://www.ris.gov.tw/info-doorplate/app/doorplate/query,5,28,2026-06-18T08:31:24.530379+00:00,f66f23db53868981b6a190b633f95b3708169f6a5a5ea0c14329a0e51aaae476
臺北市,中正區,臺北市中正區,民國114年6月13日,民國114年6月13日,,黎明里004鄰中山南路２巷３號七樓之１,門牌初編,臺北市,中正區,114-06-01,114-08-31,https://www.ris.gov.tw/info-doorplate/app/doorplate/query,5,29,2026-06-18T08:31:24.532492+00:00,6ee36afd29cf4863548d15def321df8abea1025d6e1d97c1a80d32a4229d6c2c
臺北市,中正區,臺北市中正區,民國114年6月13日,民國114年6月13日,,黎明里004鄰中山南路２巷３號七樓之３,門牌初編,臺北市,中正區,114-06-01,114-08-31,https://www.ris.gov.tw/info-doorplate/app/doorplate/query,5,30,2026-06-18T08:31:24.536015+00:00,7757c98790d3d5bda8aed51e4458c99624e402ffa14653515ba520326e27e481
臺北市,中正區,臺北市中正區,民國114年6月13日,民國114年6月13日,,黎明里004鄰中山南路２巷３號八樓之１,門牌初編,臺北市,中正區,114-06-01,114-08-31,https://www.ris.gov.tw/info-doorplate/app/doorplate/query,5,31,2026-06-18T08:31:24.537823+00:00,4a45e9194ec17773195bae94b21c0d138f13a4777a794204c83474203720a0ff
臺北市,中正區,臺北市中正區,民國114年6月13日,民國114年6月13日,,黎明里004鄰中山南路２巷３號九樓之３,門牌初編,臺北市,中正區,114-06-01,114-08-31,https://www.ris.gov.tw/info-doorplate/app/doorplate/query,5,32,2026-06-18T08:31:24.539355+00:00,150170b0cd0227f98970b87388883313d728875a93b794b736baaf02294b5e33
